어린이교통사고,어린이교통사고통계
어린이교통사고,어린이교통사고사례
어린이교통사고,스쿨존교통사고
어린이교통사고,어린이교통사고병원
어린이교통사고,경주어린이교통사고
어린이교통사고,어린이교통사고통계자료
어린이교통사고,어린이교통사고예방
어린이교통사고,어린이교통사고특성
어린이교통사고,어린이교통사고분석시스템
어린이교통사고,전주어린이교통사고
어린이교통사고,부산교통사고
어린이교통사고,어린이교통사고유형
어린이교통사고,민식이법
어린이교통사고,평택어린이교통사고
어린이교통사고,전남교통사고
어린이교통사고,어린이교통사고현황
어린이교통사고,동해시민식이
어린이교통사고,동해시스쿨존사고
어린이교통사고,강원도스쿨존사고
어린이교통사고,서산어린이교통사고
어린이교통사고통계,어린이교통사고통계자료
어린이교통사고통계,도로교통공단
어린이교통사고통계,어린이교통사고특성
어린이교통사고통계,2019년교통사고통계
어린이교통사고통계,어린이보호구역교통사고
어린이교통사고사례,어린이교통사고특성
어린이교통사고사례,어린이교통사고행동특성
어린이교통사고사례,어린이보호구역교통사고
어린이교통사고사례,교통사고예방
어린이교통사고사례,교통사고소송해야하는이유
스쿨존교통사고,광주운암동교통사고아파트
스쿨존교통사고,경주스쿨존교통사고
스쿨존교통사고,스쿨존8.5톤
스쿨존교통사고,아산스쿨존교통사고
스쿨존교통사고,광주교통사고사망
스쿨존교통사고,광주북구운암동교통사고아파트
스쿨존교통사고,광주운암동스쿨존사고
스쿨존교통사고,스쿨존교통사고합의
스쿨존교통사고,운암동아파트단지사고
스쿨존교통사고,부산재송동교통사고
스쿨존교통사고,어린이교통사고
스쿨존교통사고,전주시교통사고
스쿨존교통사고,민식이법내용
스쿨존교통사고,전주교통사고사망
스쿨존교통사고,전주반월동스쿨존
스쿨존교통사고,청주스쿨존사고
스쿨존교통사고,부산학교앞교통사고
스쿨존교통사고,전북스쿨존사고
스쿨존교통사고,경주스쿨존사고놀이터
스쿨존교통사고,경찰민식이법
어린이교통사고병원,교통사고병원추천
어린이교통사고병원,교통사고후병원
어린이교통사고병원,교통사고치료병원
어린이교통사고병원,교통사고시병원
어린이교통사고병원,교통사고전문병원
경주어린이교통사고,고의교통사고
경주어린이교통사고,suv고의사고
경주어린이교통사고,스쿨존고의사고
경주어린이교통사고,자전거어린이교통사고
경주어린이교통사고,인스타그램교통사고
경주어린이교통사고,어린이자전거살인미수
경주어린이교통사고,경주9살
경주어린이교통사고,어린이고의적교통사고
경주어린이교통사고,어린이보호구역고의사고
경주어린이교통사고,9살suv
경주어린이교통사고,경주초등생교통사고
경주어린이교통사고,경북스쿨존
경주어린이교통사고,자전거탄아이
경주어린이교통사고,경주사건사고
경주어린이교통사고,경주어린이차사고
경주어린이교통사고,경주동천교통사고
어린이교통사고통계자료,어린이교통사고특성
어린이교통사고통계자료,2019년교통사고통계
어린이교통사고통계자료,어린이교통사고행동특성
어린이교통사고통계자료,어린이보호구역교통사고
어린이교통사고통계자료,교통사고이력조회
어린이교통사고예방,어린이교통사고특성
어린이교통사고예방,어린이보호구역교통사고
어린이교통사고예방,어린이교통사고행동특성
어린이교통사고예방,교통사고소송해야하는이유
어린이교통사고예방,교통사고치료횟수
어린이교통사고특성,어린이교통사고행동특성
어린이교통사고특성,어린이교통사고통계자료
어린이교통사고특성,어린이교통행동특성
어린이교통사고특성,교통사고소송해야하는이유
어린이교통사고특성,교통사고발생시대처요령
어린이교통사고분석시스템,어린이교통사고특성
어린이교통사고분석시스템,어린이교통사고행동특성
어린이교통사고분석시스템,어린이보호구역교통사고
어린이교통사고분석시스템,교통사고3주진단
어린이교통사고분석시스템,교통사고진단3주
전주어린이교통사고,전주시교통사고
전주어린이교통사고,전주교통사고사망
전주어린이교통사고,전주반월동스쿨존
전주어린이교통사고,전북뉴스사건사고
전주어린이교통사고,전주시반월동교통사고
전주어린이교통사고,전주2살교통사고
전주어린이교통사고,전북스쿨존사고
전주어린이교통사고,전주스쿨존사망사고
전주어린이교통사고,전주시반월동교통사고도로
전주어린이교통사고,반월동스쿨존유아사망
전주어린이교통사고,덕진구반월동
전주어린이교통사고,전주버스사고
전주어린이교통사고,전주민식이법사고
전주어린이교통사고,전주어린이보호구역사고
전주어린이교통사고,포천교통사고
전주어린이교통사고,민식이교통사고경위
부산교통사고,부산교통사고사망
부산교통사고,부산교통사고속보
부산교통사고,부산오늘교통사고
부산교통사고,부산사건사고
부산교통사고,부산해운대교통사고
부산교통사고,부산오늘교통사고소식
부산교통사고,부산기장교통사고
부산교통사고,부산교통상황
부산교통사고,부산어제교통사고
부산교통사고,김해교통사고
부산교통사고,부산사망사고
부산교통사고,양산교통사고
부산교통사고,부산연제구교통사고
부산교통사고,부산교통사고동영상
부산교통사고,부산강서구교통사고
부산교통사고,부산음주교통사고
부산교통사고,부산중앙선침범
부산교통사고,부산사상교통사고
부산교통사고,부산사하구교통사고
부산교통사고,부산스쿨존교통사고
어린이교통사고유형,어린이교통사고특성
어린이교통사고유형,어린이교통사고행동특성
어린이교통사고유형,중학생교통사고
어린이교통사고유형,어린이교통사고합의요령
어린이교통사고유형,교통사고소송해야하는이유
민식이법,민식이법내용
민식이법,민식이부모
민식이법,민식이교통사고
민식이법,민식이엄마
민식이법,하준이법
민식이법,민식이법시행일
민식이법,민식이법가해자
민식이법,민식이법통과
민식이법,민식이법국민청원
민식이법,민식이법놀이
민식이법,민식이법문제점
민식이법,민식이법개정
민식이법,민식이법운전자보험
민식이법,민식이법이란
민식이법,민식이법악법
민식이법,스쿨존
민식이법,민식이법블랙박스
민식이법,민식이법반대
민식이법,민식이법발의
민식이법,해인이법
평택어린이교통사고,서평택교통사고
평택어린이교통사고,평택교통사고사망
평택어린이교통사고,안성교통사고
평택어린이교통사고,평택시흥고속도로교통사고
평택어린이교통사고,아산교통사고
전남교통사고,오늘전남교통사고
전남교통사고,해남교통사고
전남교통사고,광주교통사고
전남교통사고,나주교통사고
전남교통사고,어린이교통사고
전남교통사고,목포교통사고
전남교통사고,순천교통사고
전남교통사고,무면허교통사고
전남교통사고,전남장흥교통사고
전남교통사고,오늘광주교통사고
전남교통사고,전남강진교통사고
전남교통사고,용산면교통사고
전남교통사고,함평교통사고
전남교통사고,진도교통사고
전남교통사고,곡성교통사고
전남교통사고,여수교통사고
어린이교통사고현황,어린이보호구역교통사고
어린이교통사고현황,교통사고확인원이란
어린이교통사고현황,최근교통사고
어린이교통사고현황,교통사고소송해야하는이유
어린이교통사고현황,교통사고발생현황
동해시민식이,동해시민식이법
동해시민식이,어린이교통사고
동해시민식이,동해시스쿨존
동해시민식이,강원도스쿨존사고
동해시민식이,동해시스쿨존사고
동해시스쿨존사고,강원도스쿨존사고
동해시스쿨존사고,어린이교통사고
동해시스쿨존사고,동해시민식이
강원도스쿨존사고,동해시스쿨존사고
강원도스쿨존사고,어린이교통사고
강원도스쿨존사고,동해시민식이
강원도스쿨존사고,강원도사건사고
서산어린이교통사고,서산교통사고사망
서산어린이교통사고,서산어린이사고
서산어린이교통사고,서산부춘초등학교교통사고
서산어린이교통사고,등굣길
서산어린이교통사고,서산음주운전사고
서산어린이교통사고,충남서산교통사고
서산어린이교통사고,서산횡단보도사고
서산어린이교통사고,8세교통사고
서산어린이교통사고,어린이사망사고
서산어린이교통사고,오늘서산교통사고
서산어린이교통사고,서산초등학생사망
서산어린이교통사고,서산경찰서사거리교통사고
서산어린이교통사고,서산초등생교통사고
어린이교통사고통계자료,어린이교통사고특성
어린이교통사고통계자료,2019년교통사고통계
어린이교통사고통계자료,어린이교통사고행동특성
어린이교통사고통계자료,어린이보호구역교통사고
어린이교통사고통계자료,교통사고이력조회
도로교통공단,도로교통안전공단
도로교통공단,도로교통공단홈페이지
도로교통공단,도로교통공단채용
도로교통공단,광주도로교통공단
도로교통공단,부산도로교통공단
도로교통공단,대구도로교통공단
도로교통공단,대전도로교통공단
도로교통공단,인천도로교통공단
도로교통공단,제주도로교통공단
도로교통공단,도로교통공사
도로교통공단,울산도로교통공단
도로교통공단,도로교통공단e-운전면허홈페이지
도로교통공단,도로교통공단이러닝센터
도로교통공단,도로교통공단동승자교육
도로교통공단,전주도로교통공단
도로교통공단,서울도로교통공단
도로교통공단,청주도로교통공단
도로교통공단,한국도로교통공단
도로교통공단,도로교통공단경기지부
도로교통공단,도로교통공단광주전남지부
어린이교통사고특성,어린이교통사고행동특성
어린이교통사고특성,어린이교통사고통계자료
어린이교통사고특성,어린이교통행동특성
어린이교통사고특성,교통사고소송해야하는이유
어린이교통사고특성,교통사고발생시대처요령
2019년교통사고통계,교통사고사망자통계
2019년교통사고통계,어린이교통사고통계자료
2019년교통사고통계,교통사고이력조회
2019년교통사고통계,교통사고발생현황
2019년교통사고통계,2019년교통사고사망자수
어린이보호구역교통사고,광주운암동교통사고
어린이보호구역교통사고,운암동교통사고아파트
어린이보호구역교통사고,광주북구교통사고
어린이보호구역교통사고,광주5월어린이보호구역7살
어린이보호구역교통사고,운암동아파트앞교통사고
어린이보호구역교통사고,광주북구횡단보도
어린이보호구역교통사고,북구운암동교통사고
어린이보호구역교통사고,운암동단지사고어린이
어린이보호구역교통사고,어린이보호구역사망사고
어린이보호구역교통사고,횡단보도교통사고벌금
어린이보호구역교통사고,평택교통사고
어린이보호구역교통사고,어린이보호구역속도위반시간
어린이보호구역교통사고,어린이보호구역거리
어린이교통사고특성,어린이교통사고행동특성
어린이교통사고특성,어린이교통사고통계자료
어린이교통사고특성,어린이교통행동특성
어린이교통사고특성,교통사고소송해야하는이유
어린이교통사고특성,교통사고발생시대처요령
어린이교통사고행동특성,어린이교통행동특성
어린이교통사고행동특성,어린이교통사고통계자료
어린이교통사고행동특성,교통사고발생시대처요령
어린이교통사고행동특성,교통사고가해자구분하기
어린이교통사고행동특성,어린이안전사고사례
어린이보호구역교통사고,광주운암동교통사고
어린이보호구역교통사고,운암동교통사고아파트
어린이보호구역교통사고,광주북구교통사고
어린이보호구역교통사고,광주5월어린이보호구역7살
어린이보호구역교통사고,운암동아파트앞교통사고
어린이보호구역교통사고,광주북구횡단보도
어린이보호구역교통사고,북구운암동교통사고
어린이보호구역교통사고,운암동단지사고어린이
어린이보호구역교통사고,어린이보호구역사망사고
어린이보호구역교통사고,횡단보도교통사고벌금
어린이보호구역교통사고,평택교통사고
어린이보호구역교통사고,어린이보호구역속도위반시간
어린이보호구역교통사고,어린이보호구역거리
교통사고예방,교통사고예방교육자료
교통사고예방,교통사고예방대책
교통사고예방,교통사고예방캠페인
교통사고예방,교통사고발생현황
교통사고예방,교통사고원인
교통사고소송해야하는이유,교통사고원인
교통사고소송해야하는이유,교통사고확인원이란
교통사고소송해야하는이유,최근교통사고
교통사고소송해야하는이유,교통사고현황
교통사고소송해야하는이유,교통사고처리
광주운암동교통사고아파트,광주유모차사고
광주운암동교통사고아파트,광주북구운암동교통사고
광주운암동교통사고아파트,광주어린이보호구역교통사고
광주운암동교통사고아파트,스쿨존교통사고
광주운암동교통사고아파트,광주횡단보도교통사고
광주운암동교통사고아파트,운암동아파트앞교통사고
광주운암동교통사고아파트,광주일가족교통사고
광주운암동교통사고아파트,스쿨존8.5톤
광주운암동교통사고아파트,광주교통사고사망
광주운암동교통사고아파트,2살아기사망
광주운암동교통사고아파트,운암동벽산블루밍아파트
광주운암동교통사고아파트,운암동벽산블루밍교통사고
광주운암동교통사고아파트,광주운암동스쿨존사고
광주운암동교통사고아파트,운암동아파트단지교통사고
광주운암동교통사고아파트,광주북구어린이교통사고
경주스쿨존교통사고,고의사고
경주스쿨존교통사고,suv고의사고
경주스쿨존교통사고,경주스쿨존사고놀이터
경주스쿨존교통사고,경주9살
경주스쿨존교통사고,인스타그램교통사고
경주스쿨존교통사고,어린이자전거살인미수
경주스쿨존교통사고,9살suv
경주스쿨존교통사고,동천스쿨존사고
경주스쿨존교통사고,경주스쿨존cctv
경주스쿨존교통사고,경주스쿨존사고원인
경주스쿨존교통사고,어린이고의적교통사고
경주스쿨존교통사고,경주스쿨존사건
경주스쿨존교통사고,경주스쿨존특수상해
경주스쿨존교통사고,경주suv사건
경주스쿨존교통사고,자전거suv
경주스쿨존교통사고,보배드림경주
경주스쿨존교통사고,경북스쿨존
경주스쿨존교통사고,초등학생
경주스쿨존교통사고,스쿨존자전거사고
경주스쿨존교통사고,초등suv
스쿨존8.5톤,스쿨존교통사고
스쿨존8.5톤,광주운암동스쿨존사고
스쿨존8.5톤,광주운암동교통사고아파트
스쿨존8.5톤,운암동트럭
스쿨존8.5톤,광주교통사고사망
스쿨존8.5톤,광주어린이사망
스쿨존8.5톤,광주북구운암동스쿨존아파트
아산스쿨존교통사고,충남아산스쿨존교통사고
아산스쿨존교통사고,어린이교통사고
아산스쿨존교통사고,천안교통사고속보
아산스쿨존교통사고,아산시교통사고
광주교통사고사망,광주광역시교통사고사망
광주교통사고사망,운암동어린이보호구역교통사고
광주교통사고사망,운암동사망사고
광주교통사고사망,스쿨존교통사고
광주교통사고사망,광주운암동스쿨존
광주교통사고사망,광주교통사고속보
광주교통사고사망,광주북구운암동스쿨존아파트
광주교통사고사망,광주북구운암동사고현장
광주교통사고사망,광주북구운암동어린이보호구역
광주교통사고사망,광주연합뉴스
광주교통사고사망,스쿨존8.5톤
광주교통사고사망,최근교통사고
광주교통사고사망,광주북구교통상황
광주교통사고사망,광주어린이보호구역교통사고
광주교통사고사망,광주3명사망
광주교통사고사망,교통사고5명사망
광주교통사고사망,광주렌터카사고
광주교통사고사망,전남교통사고사망
광주교통사고사망,교통사고3명사망
광주교통사고사망,인천교통사고사망
광주북구운암동교통사고아파트,유모차사고
광주북구운암동교통사고아파트,광주어린이교통사고
광주북구운암동교통사고아파트,광주어린이보호구역교통사고
광주북구운암동교통사고아파트,광주사건사고
광주북구운암동교통사고아파트,광주5월운암동횡단보도사고
광주북구운암동교통사고아파트,스쿨존교통사고
광주북구운암동교통사고아파트,운암동사고장소
광주북구운암동교통사고아파트,광주차량사고
광주북구운암동교통사고아파트,오늘교통사고
광주북구운암동교통사고아파트,광주일가족교통사고
광주북구운암동교통사고아파트,광주시장
광주운암동스쿨존사고,운암동벽산블루밍교통사고
광주운암동스쿨존사고,스쿨존8.5톤
광주운암동스쿨존사고,광주스쿨존사망
광주운암동스쿨존사고,운암동사고아파트
광주운암동스쿨존사고,광주북구스쿨존
광주운암동스쿨존사고,광주차량사고
광주운암동스쿨존사고,운암동트럭
광주운암동스쿨존사고,스쿨존참변
광주운암동스쿨존사고,벽산아파트횡단보도사고
광주운암동스쿨존사고,광주아파트횡단보도사고
광주운암동스쿨존사고,광주북구운암동스쿨존아파트
광주운암동스쿨존사고,광주광역시북구운암동스쿨존사고
광주운암동스쿨존사고,광주어린이사망
광주운암동스쿨존사고,광주유모차사고
광주운암동스쿨존사고,세자녀사고
스쿨존교통사고합의,스쿨존사고벌금
스쿨존교통사고합의,교통사고피해자합의한도
스쿨존교통사고합의,교통사고합의절차
스쿨존교통사고합의,교통사고합의시점
스쿨존교통사고합의,교통사고합의취소
운암동아파트단지사고,운암동아파트단지교통사고
운암동아파트단지사고,운암동어린보호구역교통사고
운암동아파트단지사고,운암동사고난장소
운암동아파트단지사고,광주5월어린이보호구역7살
운암동아파트단지사고,광주어린이보호구역5월사고
운암동아파트단지사고,스쿨존교통사고
운암동아파트단지사고,북구운암동어린이사고
부산재송동교통사고,스쿨존교통사고
부산재송동교통사고,민식이교통사고
부산재송동교통사고,스쿨존사망사고
부산재송동교통사고,부산어린이사고
부산재송동교통사고,부산학교앞교통사고
부산재송동교통사고,재송동초등학교교통사고
부산재송동교통사고,재송동스쿨존사고영상
어린이교통사고,어린이교통사고통계
어린이교통사고,어린이교통사고사례
어린이교통사고,스쿨존교통사고
어린이교통사고,어린이교통사고병원
어린이교통사고,경주어린이교통사고
어린이교통사고,어린이교통사고통계자료
어린이교통사고,어린이교통사고예방
어린이교통사고,어린이교통사고특성
어린이교통사고,어린이교통사고분석시스템
어린이교통사고,전주어린이교통사고
어린이교통사고,부산교통사고
어린이교통사고,어린이교통사고유형
어린이교통사고,민식이법
어린이교통사고,평택어린이교통사고
어린이교통사고,전남교통사고
어린이교통사고,어린이교통사고현황
어린이교통사고,동해시민식이
어린이교통사고,동해시스쿨존사고
어린이교통사고,강원도스쿨존사고
어린이교통사고,서산어린이교통사고
전주시교통사고,전주시사건사고
전주시교통사고,완주군교통사고
전주시교통사고,전주사망사고
전주시교통사고,평화동교통사고
전주시교통사고,전주어린이교통사고
전주시교통사고,전주음주운전
전주시교통사고,스쿨존교통사고
전주시교통사고,전주음주사고
전주시교통사고,전북뉴스사건사고
전주시교통사고,전주반월동스쿨존
전주시교통사고,전북스쿨존사고
전주시교통사고,반월동스쿨존유아사망
전주시교통사고,전주음주운전사망사고
전주시교통사고,2세교통사고
전주시교통사고,전주스쿨존사망사고
전주시교통사고,포천시스쿨존사고
전주시교통사고,2살교통사고
민식이법내용,민식이법사고내용
민식이법내용,민식이법운전자보험
민식이법내용,민식이법주요내용
민식이법내용,민식이법세부내용
민식이법내용,하준이법내용
민식이법내용,민식이엄마
민식이법내용,민식이법가해자
민식이법내용,민식이교통사고
민식이법내용,민식이법벌금
민식이법내용,어린이보호구역
민식이법내용,스쿨존
민식이법내용,민식이법이란
민식이법내용,민식이법문제점
민식이법내용,민식이법시행일
민식이법내용,민식이법블랙박스
민식이법내용,민식이교통사고블랙박스
민식이법내용,민식이법전문
민식이법내용,이정아판사
민식이법내용,12대중과실
민식이법내용,윤창호법내용
전주교통사고사망,전주음주교통사고
전주교통사고사망,어제전주교통사고
전주교통사고사망,전북교통사고사망
전주교통사고사망,전주사망사고
전주교통사고사망,전주시교통사고
전주교통사고사망,전주송천동교통사고
전주교통사고사망,전주어린이교통사고
전주교통사고사망,전주시사건사고
전주교통사고사망,전주시반월동교통사고도로
전주교통사고사망,스쿨존교통사고
전주교통사고사망,전주반월동스쿨존
전주교통사고사망,전북뉴스사건사고
전주교통사고사망,군산교통사고사망
전주교통사고사망,전주2세교통사고
전주교통사고사망,전북스쿨존사고
전주교통사고사망,전주음주운전사망사고
전주교통사고사망,전주2살교통사고
전주교통사고사망,오늘전주교통사고
전주교통사고사망,전주반월동어린이구역교통사고
전주교통사고사망,전주유아교통사고
전주반월동스쿨존,반월동스쿨존사고
전주반월동스쿨존,전주어린이교통사고
전주반월동스쿨존,전주덕진구반월동스쿨존
전주반월동스쿨존,전주시교통사고
전주반월동스쿨존,전주덕진구반월동사고
전주반월동스쿨존,전북스쿨존
전주반월동스쿨존,스쿨존이란
전주반월동스쿨존,전주스쿨존유아사고
전주반월동스쿨존,전북스쿨존사고
전주반월동스쿨존,전주시덕진구반월동스쿨존
전주반월동스쿨존,전주민식이법사고
전주반월동스쿨존,전주스쿨존2세사망
전주반월동스쿨존,반월동스쿨존유아사망
전주반월동스쿨존,스쿨존내유턴
전주반월동스쿨존,전주스쿨존사망사고
전주반월동스쿨존,전북교통사고
청주스쿨존사고,경주스쿨존사고
청주스쿨존사고,스쿨존교통사고
청주스쿨존사고,운천동스쿨존
청주스쿨존사고,충북민식이법
청주스쿨존사고,운천동민식이법
청주스쿨존사고,청주교통사고사망
부산학교앞교통사고,초등학교교통사고
부산학교앞교통사고,재송동초등학교교통사고
부산학교앞교통사고,스쿨존교통사고
부산학교앞교통사고,부산스쿨존사고싼타페
부산학교앞교통사고,60대교통사고
부산학교앞교통사고,부산반산초등학교교통사고
부산학교앞교통사고,해운대구초등학교교통사고
부산학교앞교통사고,부산초등학생교통사고
부산학교앞교통사고,교통사고병원
전북스쿨존사고,전주스쿨존사고
전북스쿨존사고,전주반월동민식이법
전북스쿨존사고,전주교통사고
전북스쿨존사고,덕진구스쿨존사고
전북스쿨존사고,전주스쿨존2세사망
전북스쿨존사고,전주시반월동사고
전북스쿨존사고,스쿨존사망사고
전북스쿨존사고,전주덕진구반월동사고
전북스쿨존사고,전주어린이교통사고
전북스쿨존사고,민식이법사망
전북스쿨존사고,스쿨존내유턴
전북스쿨존사고,스쿨존이란
전북스쿨존사고,반월동사망
전북스쿨존사고,반월동스쿨존사망사고
전북스쿨존사고,전주시덕진구반월동스쿨존
전북스쿨존사고,전주스쿨존유아사고
전북스쿨존사고,반월동교통사고
전북스쿨존사고,포천시스쿨존사고
전북스쿨존사고,민식이교통사고
전북스쿨존사고,전북유아사망
경주스쿨존사고놀이터,경주스쿨존교통사고
경주스쿨존사고놀이터,동천스쿨존사고
경주스쿨존사고놀이터,경주차사고
경주스쿨존사고놀이터,경주동천동스쿨존사고
경주스쿨존사고놀이터,경주스쿨존cctv
경주스쿨존사고놀이터,경주스쿨존사고원인
경주스쿨존사고놀이터,경주스쿨존보복운전
경주스쿨존사고놀이터,경주스쿨존사고운전자
경주스쿨존사고놀이터,스쿨존자전거사고
경주스쿨존사고놀이터,경주스쿨존누나
경주스쿨존사고놀이터,경주민식이법사고
경주스쿨존사고놀이터,경주스쿨존사고피해자누나
경주스쿨존사고놀이터,경주고의사고
경주스쿨존사고놀이터,경주스쿨존사고가해자
경찰민식이법,민식이법시행
경찰민식이법,스쿨존교통사고
경찰민식이법,민식이법시행교통사고
경찰민식이법,민식이법13세
경찰민식이법,민식이법사고감소
교통사고병원추천,교통사고한방치료
교통사고병원추천,교통사고후유증병원
교통사고병원추천,교통사고머리
교통사고병원추천,교통사고목디스크
교통사고병원추천,자동차사고병원
교통사고병원추천,모커리한방병원
교통사고병원추천,교통사고타박상
교통사고병원추천,교통사고한의원한약
교통사고병원추천,교통사고병원비
교통사고병원추천,자동차보험치료
교통사고병원추천,교통사고후입원
교통사고병원추천,차사고병원
교통사고병원추천,분당교통사고병원
교통사고병원추천,수원교통사고병원
교통사고병원추천,구리교통사고한의원
교통사고병원추천,수원교통사고한의원
교통사고후병원,동탄교통사고병원
교통사고후병원,부평교통사고병원
교통사고후병원,교통사고병원추천
교통사고후병원,구리교통사고
교통사고후병원,잠실교통사고한의원
교통사고후병원,강남역교통사고한의원
교통사고후병원,분당교통사고
교통사고후병원,교통사고추나요법
교통사고후병원,한방병원입원
교통사고후병원,교통사고후유증치료한의원
교통사고후병원,영통교통사고병원
교통사고후병원,영등포교통사고
교통사고후병원,인계동교통사고한의원
교통사고후병원,부천교통사고
교통사고후병원,차사고한의원
교통사고후병원,서현역교통사고한의원
교통사고후병원,용인교통사고병원
교통사고후병원,자동차사고병원
교통사고후병원,용인교통사고한의원
교통사고후병원,남양주교통사고한의원
교통사고치료병원,교통사고치료한의원
교통사고치료병원,교통사고병원치료기간
교통사고치료병원,교통사고병원치료절차
교통사고치료병원,교통사고병원추천
교통사고치료병원,교통사고전문병원
교통사고시병원,교통사고시어느병원
교통사고시병원,교통사고후병원
교통사고시병원,교통사고병원추천
교통사고시병원,교통사고전문병원
교통사고시병원,교통사고치료병원
교통사고전문병원,인천교통사고전문병원
교통사고전문병원,대구교통사고전문병원
교통사고전문병원,서울교통사고전문병원
교통사고전문병원,부산교통사고전문병원
교통사고전문병원,교통사고전문병원찾기
교통사고전문병원,수원교통사고전문병원
교통사고전문병원,광명교통사고전문병원
교통사고전문병원,성남교통사고전문병원
교통사고전문병원,용인교통사고전문병원
교통사고전문병원,국립교통재활병원
교통사고전문병원,청주교통사고전문병원
교통사고전문병원,부천교통사고전문병원
교통사고전문병원,배우교통사고사망
교통사고전문병원,안양교통사고전문병원
교통사고전문병원,영등포교통사고전문병원
교통사고전문병원,천안교통사고전문병원
교통사고전문병원,강북구교통사고전문병원
교통사고전문병원,고양시교통사고전문병원
교통사고전문병원,대전교통사고전문병원
고의교통사고,경주스쿨존교통사고
고의교통사고,경주어린이교통사고
고의교통사고,경주어린이보호구역사고
고의교통사고,경주사건사고
고의교통사고,경주차량사고
고의교통사고,자전거어린이교통사고
고의교통사고,고의교통사고의인
고의교통사고,경주동천초사고
고의교통사고,경주스쿨존교통사고고의성논란
고의교통사고,경주초등학생고의사고
고의교통사고,경주고의사고
고의교통사고,9살차사고
고의교통사고,경주어린이자전거사고
고의교통사고,9살자전거사고
고의교통사고,해남군마산면교통사고
고의교통사고,차와자전거충돌사고
고의교통사고,동천스쿨존사고
고의교통사고,9살어린이교통사고
고의교통사고,경주스쿨존가해자
suv고의사고,경주스쿨존교통사고
suv고의사고,경주어린이교통사고
suv고의사고,경주9살
suv고의사고,9살어린이교통사고
suv고의사고,어린이자전거살인미수
suv고의사고,인스타그램교통사고
suv고의사고,9살차사고
suv고의사고,9살자전거사고
suv고의사고,자전거친suv
suv고의사고,경북스쿨존
suv고의사고,경주초등학생고의사고
suv고의사고,초등학교suv
suv고의사고,SUV자전거사고
suv고의사고,suv차량
suv고의사고,SUV경주
스쿨존고의사고,자전거추격전
스쿨존고의사고,경주어린이교통사고
스쿨존고의사고,9살차사고
스쿨존고의사고,suv고의사고
스쿨존고의사고,어린이자전거살인미수
스쿨존고의사고,경주자동차사고
스쿨존고의사고,경주시스쿨존사고
스쿨존고의사고,9살경주교통사고
스쿨존고의사고,고의교통사고어린이보호구역
스쿨존고의사고,경주스쿨존사고이유
자전거어린이교통사고,경주어린이교통사고
자전거어린이교통사고,스쿨존자전거사고
자전거어린이교통사고,고의교통사고
자전거어린이교통사고,아이자전거
자전거어린이교통사고,9살자전거사고
인스타그램교통사고,경주어린이교통사고
인스타그램교통사고,경주스쿨존교통사고
인스타그램교통사고,경주동천교통사고
인스타그램교통사고,동천초등학교어린이교통사고
인스타그램교통사고,suv고의사고
인스타그램교통사고,경북스쿨존
인스타그램교통사고,경주9살
인스타그램교통사고,경주초등사고
인스타그램교통사고,동천초스쿨존
인스타그램교통사고,경주초등생사고
인스타그램교통사고,경주시사건사고
인스타그램교통사고,suv초등생
인스타그램교통사고,어린이자전거살인미수
인스타그램교통사고,9살suv
인스타그램교통사고,경주동천초사고
어린이자전거살인미수,경주어린이교통사고
어린이자전거살인미수,suv엄마
어린이자전거살인미수,스쿨존고의사고
어린이자전거살인미수,경주스쿨존교통사고
어린이자전거살인미수,suv고의사고
어린이자전거살인미수,경주9살
어린이자전거살인미수,자전거탄아이
어린이자전거살인미수,경주사건
어린이자전거살인미수,인스타그램교통사고
어린이자전거살인미수,suv엄마고의사고
어린이자전거살인미수,동촌초등학교자전거사고
어린이자전거살인미수,9살suv
어린이자전거살인미수,경주초등학생
경주9살,9살자전거
경주9살,경주스쿨존교통사고
경주9살,경주어린이교통사고
경주9살,suv고의사고
경주9살,경주차량사고
경주9살,경주초등학생고의사고
경주9살,9살자전거사고
경주9살,초등학교suv
경주9살,어린이자전거살인미수
경주9살,인스타그램교통사고
경주9살,차와자전거충돌사고
경주9살,경북스쿨존
어린이고의적교통사고,경주어린이교통사고
어린이고의적교통사고,경주스쿨존교통사고
어린이고의적교통사고,경주스쿨존사고동영상
어린이보호구역고의사고,경주어린이사고
어린이보호구역고의사고,경주어린이교통사고
어린이보호구역고의사고,경주차량사고
어린이보호구역고의사고,전주민식이법사고
어린이보호구역고의사고,어린이보호구역사망사고
9살suv,9살덮친suv
9살suv,스쿨존9살
9살suv,9살운전사고
9살suv,어린이덮친차량
9살suv,어린이치는운전자
9살suv,경주스쿨존교통사고
9살suv,경북스쿨존
9살suv,경주어린이교통사고
9살suv,9살차사고
9살suv,자전거들이받은suv
9살suv,suv고의사고
9살suv,9살cctv
9살suv,Suv학생추돌
9살suv,자전거아이받은사고
9살suv,인스타그램교통사고
9살suv,경주자전거추돌
9살suv,어린이자전거살인미수
9살suv,9세교통사고
경주초등생교통사고,경주자전거교통사고
경주초등생교통사고,초등생차량사고
경주초등생교통사고,경주동천동스쿨존사고
경주초등생교통사고,초등자전거사고
경주초등생교통사고,경주어린이교통사고
경주초등생교통사고,경주자전거사고동영상
경북스쿨존,경북경주suv
경북스쿨존,인스타그램교통사고
경북스쿨존,9살suv
경북스쿨존,경주고의사고
경북스쿨존,suv고의사고
경북스쿨존,경주suv사건
경북스쿨존,민식이법경주
경북스쿨존,경주동천초
경북스쿨존,경주스쿨존교통사고
경북스쿨존,경주어린이교통사고
경북스쿨존,경주9살
경북스쿨존,경주suv차량자전거
자전거탄아이,차와자전거충돌사고
자전거탄아이,경주자전거사건
자전거탄아이,어린이자전거교통사고
자전거탄아이,경주스쿨존자전거
자전거탄아이,경북자전거추돌
자전거탄아이,동촌초등학교자전거사고
자전거탄아이,어린이자전거살인미수
자전거탄아이,자전거놀이터
자전거탄아이,9살자전거
자전거탄아이,경주어린이교통사고
경주사건사고,경주교통사고
경주사건사고,오늘사건사고
경주사건사고,경주스쿨존사고놀이터영상
경주사건사고,대구사건사고
경주사건사고,경주지게차사고
경주사건사고,고의교통사고
경주사건사고,경주고의사고
경주사건사고,손수호
경주사건사고,창원사건사고
경주사건사고,경주스쿨존suv
경주사건사고,경찰관사건사고
경주사건사고,경주시사건사고
경주사건사고,포항사건사고
경주사건사고,경주suv사건누나
경주사건사고,경주동천교통사고
경주사건사고,동천스쿨존사고
경주사건사고,9살운전사고
경주사건사고,자전거추격전
경주사건사고,초등suv
경주사건사고,경주차사고
경주어린이차사고,동천초사고
경주어린이차사고,동천초등학교스쿨존사고
경주어린이차사고,경북경주어린이보호구역
경주어린이차사고,경주스쿨존사고영상
경주어린이차사고,경주동천자전거사고
경주어린이차사고,경주스쿨존역주행
경주어린이차사고,경주동천동
경주어린이차사고,경주어린이보호구역사고
경주어린이차사고,자전거엄마
경주어린이차사고,경주200m사고
경주어린이차사고,suv초등생
경주어린이차사고,초등학생자전거사고영상
경주어린이차사고,경주스쿨존고의사고
경주어린이차사고,어린이자전거교통사고
경주어린이차사고,경주동천교통사고
경주어린이차사고,경주스쿨존자전거
경주동천교통사고,동천초등학교어린이교통사고
경주동천교통사고,인스타그램교통사고
경주동천교통사고,경주사건사고
경주동천교통사고,경주시스쿨존사고
경주동천교통사고,경주자전거교통사고
경주동천교통사고,동천초스쿨존
경주동천교통사고,민식이법고의사고
경주동천교통사고,경주초등생사고
경주동천교통사고,경주아동사고
경주동천교통사고,9세교통사고
경주동천교통사고,suv초등생
경주동천교통사고,경주고의사고
경주동천교통사고,경주어린이차사고
경주동천교통사고,경주동천동어린이사고
어린이교통사고특성,어린이교통사고행동특성
어린이교통사고특성,어린이교통사고통계자료
어린이교통사고특성,어린이교통행동특성
어린이교통사고특성,교통사고소송해야하는이유
어린이교통사고특성,교통사고발생시대처요령
2019년교통사고통계,교통사고사망자통계
2019년교통사고통계,어린이교통사고통계자료
2019년교통사고통계,교통사고이력조회
2019년교통사고통계,교통사고발생현황
2019년교통사고통계,2019년교통사고사망자수
어린이교통사고행동특성,어린이교통행동특성
어린이교통사고행동특성,어린이교통사고통계자료
어린이교통사고행동특성,교통사고발생시대처요령
어린이교통사고행동특성,교통사고가해자구분하기
어린이교통사고행동특성,어린이안전사고사례
어린이보호구역교통사고,광주운암동교통사고
어린이보호구역교통사고,운암동교통사고아파트
어린이보호구역교통사고,광주북구교통사고
어린이보호구역교통사고,광주5월어린이보호구역7살
어린이보호구역교통사고,운암동아파트앞교통사고
어린이보호구역교통사고,광주북구횡단보도
어린이보호구역교통사고,북구운암동교통사고
어린이보호구역교통사고,운암동단지사고어린이
어린이보호구역교통사고,어린이보호구역사망사고
어린이보호구역교통사고,횡단보도교통사고벌금
어린이보호구역교통사고,평택교통사고
어린이보호구역교통사고,어린이보호구역속도위반시간
어린이보호구역교통사고,어린이보호구역거리
교통사고이력조회,경찰청교통민원24
교통사고이력조회,경찰청교통사고내역조회
교통사고이력조회,카히스토리무료조회
교통사고이력조회,자동차민원대국민포털
교통사고이력조회,교통사고확인
어린이교통사고특성,어린이교통사고행동특성
어린이교통사고특성,어린이교통사고통계자료
어린이교통사고특성,어린이교통행동특성
어린이교통사고특성,교통사고소송해야하는이유
어린이교통사고특성,교통사고발생시대처요령
어린이보호구역교통사고,광주운암동교통사고
어린이보호구역교통사고,운암동교통사고아파트
어린이보호구역교통사고,광주북구교통사고
어린이보호구역교통사고,광주5월어린이보호구역7살
어린이보호구역교통사고,운암동아파트앞교통사고
어린이보호구역교통사고,광주북구횡단보도
어린이보호구역교통사고,북구운암동교통사고
어린이보호구역교통사고,운암동단지사고어린이
어린이보호구역교통사고,어린이보호구역사망사고
어린이보호구역교통사고,횡단보도교통사고벌금
어린이보호구역교통사고,평택교통사고
어린이보호구역교통사고,어린이보호구역속도위반시간
어린이보호구역교통사고,어린이보호구역거리
어린이교통사고행동특성,어린이교통행동특성
어린이교통사고행동특성,어린이교통사고통계자료
어린이교통사고행동특성,교통사고발생시대처요령
어린이교통사고행동특성,교통사고가해자구분하기
어린이교통사고행동특성,어린이안전사고사례
교통사고소송해야하는이유,교통사고원인
교통사고소송해야하는이유,교통사고확인원이란
교통사고소송해야하는이유,최근교통사고
교통사고소송해야하는이유,교통사고현황
교통사고소송해야하는이유,교통사고처리
교통사고치료횟수,교통사고통원치료횟수
교통사고치료횟수,교통사고근육통
교통사고치료횟수,교통사고다리저림
교통사고치료횟수,교통사고입원실
교통사고치료횟수,강남역교통사고한의원
어린이교통사고행동특성,어린이교통행동특성
어린이교통사고행동특성,어린이교통사고통계자료
어린이교통사고행동특성,교통사고발생시대처요령
어린이교통사고행동특성,교통사고가해자구분하기
어린이교통사고행동특성,어린이안전사고사례
어린이교통사고통계자료,어린이교통사고특성
어린이교통사고통계자료,2019년교통사고통계
어린이교통사고통계자료,어린이교통사고행동특성
어린이교통사고통계자료,어린이보호구역교통사고
어린이교통사고통계자료,교통사고이력조회
어린이교통행동특성,어린이교통사고행동특성
어린이교통행동특성,유아행동특성
어린이교통행동특성,어린이교통안전교육
교통사고소송해야하는이유,교통사고원인
교통사고소송해야하는이유,교통사고확인원이란
교통사고소송해야하는이유,최근교통사고
교통사고소송해야하는이유,교통사고현황
교통사고소송해야하는이유,교통사고처리
교통사고발생시대처요령,교통사고시대처요령
교통사고발생시대처요령,교통사고났을때대처요령
교통사고발생시대처요령,교통사고로인사사고시처벌
교통사고발생시대처요령,교통사고시처리방법
교통사고발생시대처요령,교통사고원인제공
어린이교통사고특성,어린이교통사고행동특성
어린이교통사고특성,어린이교통사고통계자료
어린이교통사고특성,어린이교통행동특성
어린이교통사고특성,교통사고소송해야하는이유
어린이교통사고특성,교통사고발생시대처요령
어린이교통사고행동특성,어린이교통행동특성
어린이교통사고행동특성,어린이교통사고통계자료
어린이교통사고행동특성,교통사고발생시대처요령
어린이교통사고행동특성,교통사고가해자구분하기
어린이교통사고행동특성,어린이안전사고사례
어린이보호구역교통사고,광주운암동교통사고
어린이보호구역교통사고,운암동교통사고아파트
어린이보호구역교통사고,광주북구교통사고
어린이보호구역교통사고,광주5월어린이보호구역7살
어린이보호구역교통사고,운암동아파트앞교통사고
어린이보호구역교통사고,광주북구횡단보도
어린이보호구역교통사고,북구운암동교통사고
어린이보호구역교통사고,운암동단지사고어린이
어린이보호구역교통사고,어린이보호구역사망사고
어린이보호구역교통사고,횡단보도교통사고벌금
어린이보호구역교통사고,평택교통사고
어린이보호구역교통사고,어린이보호구역속도위반시간
어린이보호구역교통사고,어린이보호구역거리
교통사고3주진단,교통사고진단3주
교통사고3주진단,교통사고진단4주
교통사고3주진단,교통사고2주진단
교통사고3주진단,교통사고진단주수
교통사고3주진단,3주진단교통사고합의금
교통사고진단3주,교통사고3주진단합의금
교통사고진단3주,교통사고전치3주
교통사고진단3주,교통사고3주진단
교통사고진단3주,교통사고진단4주
교통사고진단3주,교통사고2주진단
전주시교통사고,전주시사건사고
전주시교통사고,완주군교통사고
전주시교통사고,전주사망사고
전주시교통사고,평화동교통사고
전주시교통사고,전주어린이교통사고
전주시교통사고,전주음주운전
전주시교통사고,스쿨존교통사고
전주시교통사고,전주음주사고
전주시교통사고,전북뉴스사건사고
전주시교통사고,전주반월동스쿨존
전주시교통사고,전북스쿨존사고
전주시교통사고,반월동스쿨존유아사망
전주시교통사고,전주음주운전사망사고
전주시교통사고,2세교통사고
전주시교통사고,전주스쿨존사망사고
전주시교통사고,포천시스쿨존사고
전주시교통사고,2살교통사고
전주교통사고사망,전주음주교통사고
전주교통사고사망,어제전주교통사고
전주교통사고사망,전북교통사고사망
전주교통사고사망,전주사망사고
전주교통사고사망,전주시교통사고
전주교통사고사망,전주송천동교통사고
전주교통사고사망,전주어린이교통사고
전주교통사고사망,전주시사건사고
전주교통사고사망,전주시반월동교통사고도로
전주교통사고사망,스쿨존교통사고
전주교통사고사망,전주반월동스쿨존
전주교통사고사망,전북뉴스사건사고
전주교통사고사망,군산교통사고사망
전주교통사고사망,전주2세교통사고
전주교통사고사망,전북스쿨존사고
전주교통사고사망,전주음주운전사망사고
전주교통사고사망,전주2살교통사고
전주교통사고사망,오늘전주교통사고
전주교통사고사망,전주반월동어린이구역교통사고
전주교통사고사망,전주유아교통사고
전주반월동스쿨존,반월동스쿨존사고
전주반월동스쿨존,전주어린이교통사고
전주반월동스쿨존,전주덕진구반월동스쿨존
전주반월동스쿨존,전주시교통사고
전주반월동스쿨존,전주덕진구반월동사고
전주반월동스쿨존,전북스쿨존
전주반월동스쿨존,스쿨존이란
전주반월동스쿨존,전주스쿨존유아사고
전주반월동스쿨존,전북스쿨존사고
전주반월동스쿨존,전주시덕진구반월동스쿨존
전주반월동스쿨존,전주민식이법사고
전주반월동스쿨존,전주스쿨존2세사망
전주반월동스쿨존,반월동스쿨존유아사망
전주반월동스쿨존,스쿨존내유턴
전주반월동스쿨존,전주스쿨존사망사고
전주반월동스쿨존,전북교통사고
전북뉴스사건사고,전북사망사고
전북뉴스사건사고,전북군산사건사고뉴스
전북뉴스사건사고,전라북도사건사고
전북뉴스사건사고,kbs전북뉴스
전북뉴스사건사고,전주교통사고
전북뉴스사건사고,전주어린이교통사고
전북뉴스사건사고,부안사건사고
전북뉴스사건사고,전주스쿨존교통사고
전북뉴스사건사고,전주반월동스쿨존사고
전북뉴스사건사고,전북고창사건사고
전북뉴스사건사고,전북남원사건사고
전북뉴스사건사고,전주스쿨존사망사고
전북뉴스사건사고,포천시스쿨존사고
전북뉴스사건사고,반월동스쿨존유아사망
전북뉴스사건사고,민식이법사망사고
전북뉴스사건사고,무주사건사고
전북뉴스사건사고,완주사건사고
전북뉴스사건사고,순창사건사고
전북뉴스사건사고,정읍사건사고
전주시반월동교통사고,전북교통사고
전주시반월동교통사고,전주2세교통사고
전주시반월동교통사고,전주어린이교통사고
전주시반월동교통사고,전주시반월동교통사고도로
전주시반월동교통사고,전주2살교통사고
전주시반월동교통사고,덕진구반월동
전주시반월동교통사고,스쿨존이란
전주시반월동교통사고,스쿨존2살교통사고
전주시반월동교통사고,전주반월동스쿨존사고
전주시반월동교통사고,전주어린이보호구역사고
전주시반월동교통사고,전주반월초등학교
전주시반월동교통사고,전주스쿨존2세
전주시반월동교통사고,전주유아사망
전주시반월동교통사고,전주2세교통사고사망
전주시반월동교통사고,교통안전시설물
전주시반월동교통사고,전주버스사고
전주시반월동교통사고,전주사망사고
전주시반월동교통사고,민식이교통사고
전주시반월동교통사고,전북전주시덕진구반월동
전주시반월동교통사고,전주반월동유치원
전주2살교통사고,2살사망
전주2살교통사고,스쿨존2살교통사고
전주2살교통사고,전주어린이교통사고
전주2살교통사고,전주시반월동교통사고
전주2살교통사고,전주2세교통사고
전주2살교통사고,전주불법유턴
전주2살교통사고,2살민식이
전주2살교통사고,민식이법전주
전주2살교통사고,덕진구반월동
전주2살교통사고,민식이법사망사고
전주2살교통사고,유턴중아이사망
전주2살교통사고,덕진구스쿨존사고
전주2살교통사고,전주반월동어린이
전주2살교통사고,어제전주교통사고
전주2살교통사고,전주버스사고
전주2살교통사고,전주스쿨존2세사망
전북스쿨존사고,전주스쿨존사고
전북스쿨존사고,전주반월동민식이법
전북스쿨존사고,전주교통사고
전북스쿨존사고,덕진구스쿨존사고
전북스쿨존사고,전주스쿨존2세사망
전북스쿨존사고,전주시반월동사고
전북스쿨존사고,스쿨존사망사고
전북스쿨존사고,전주덕진구반월동사고
전북스쿨존사고,전주어린이교통사고
전북스쿨존사고,민식이법사망
전북스쿨존사고,스쿨존내유턴
전북스쿨존사고,스쿨존이란
전북스쿨존사고,반월동사망
전북스쿨존사고,반월동스쿨존사망사고
전북스쿨존사고,전주시덕진구반월동스쿨존
전북스쿨존사고,전주스쿨존유아사고
전북스쿨존사고,반월동교통사고
전북스쿨존사고,포천시스쿨존사고
전북스쿨존사고,민식이교통사고
전북스쿨존사고,전북유아사망
전주스쿨존사망사고,전주덕진구반월동사고
전주스쿨존사망사고,민식이법사망
전주스쿨존사망사고,스쿨존이란
전주스쿨존사망사고,반월동스쿨존사망사고
전주스쿨존사망사고,전주시덕진구반월동스쿨존
전주스쿨존사망사고,전주스쿨존2세사망
전주스쿨존사망사고,전주반월동민식이법
전주스쿨존사망사고,반월동스쿨존사고
전주스쿨존사망사고,스쿨존내유턴
전주스쿨존사망사고,전주교통사고
전주스쿨존사망사고,전주어린이교통사고
전주스쿨존사망사고,전북뉴스사건사고
전주스쿨존사망사고,전북스쿨존사고
전주스쿨존사망사고,전주불법유턴사고
전주스쿨존사망사고,전주suv
전주스쿨존사망사고,민식이법불법유턴
전주시반월동교통사고도로,전주교통사고사망
전주시반월동교통사고도로,민식이교통사고
반월동스쿨존유아사망,전주반월동스쿨존
반월동스쿨존유아사망,교통사고사망
반월동스쿨존유아사망,2세스쿨존사망
반월동스쿨존유아사망,전주시교통사고
반월동스쿨존유아사망,전주어린이교통사고
반월동스쿨존유아사망,2세교통사고
반월동스쿨존유아사망,전북뉴스사건사고
덕진구반월동,덕진구반월동사고
덕진구반월동,전주시덕진구반월동
덕진구반월동,전주2세사고
덕진구반월동,전북교통사고
덕진구반월동,전주2세교통사고
덕진구반월동,전주시반월동교통사고
덕진구반월동,2세사망
덕진구반월동,스쿨존이란
덕진구반월동,스쿨존2살교통사고
덕진구반월동,전주2살교통사고
덕진구반월동,전주반월동어린이
덕진구반월동,전주2세교통사고사망
덕진구반월동,전주유아사망
덕진구반월동,전주어린이교통사고
전주버스사고,전주시내버스사고
전주버스사고,전주시외버스
전주버스사고,전주고속버스사고
전주버스사고,전주택시사고
전주버스사고,전주버스인도돌진
전주버스사고,전주서신동
전주버스사고,전주뉴스
전주버스사고,전주반월동사고
전주버스사고,전주교통사고사망
전주버스사고,전주사건사고
전주버스사고,전주사망사고
전주버스사고,전주시반월동교통사고
전주버스사고,대전뉴스사건사고
전주버스사고,전주2살교통사고
전주버스사고,전주덕진구반월동사고
전주버스사고,전주버스노선
전주버스사고,오늘전주교통사고
전주민식이법사고,경주민식이법사고
전주민식이법사고,전주스쿨존유아사고
전주민식이법사고,전주스쿨존민식
전주민식이법사고,민식이법교통사고사망
전주민식이법사고,전주반월동스쿨존
전주민식이법사고,전주어린이보호구역사고
전주민식이법사고,전북스쿨존
전주민식이법사고,민식이법첫사망사고
전주민식이법사고,31개월민식이
전주민식이법사고,민식이법고의사고
전주민식이법사고,전주민식이법블랙박스
전주민식이법사고,전북스쿨존사고
전주민식이법사고,반월동스쿨존사고
전주민식이법사고,전주덕진구반월동사고
전주민식이법사고,스쿨존사망
전주민식이법사고,반월동교통사고
전주민식이법사고,전주사건사고
전주민식이법사고,전주법원
전주민식이법사고,민식이법30km
전주민식이법사고,어린이보호구역고의사고
전주어린이보호구역사고,민식이법전주
전주어린이보호구역사고,31개월민식이
전주어린이보호구역사고,민식이법적용
전주어린이보호구역사고,전북교통사고
전주어린이보호구역사고,민식이법30km
전주어린이보호구역사고,반월동교통사고
전주어린이보호구역사고,민식법
전주어린이보호구역사고,전주시반월동교통사고
전주어린이보호구역사고,전주2세사고
전주어린이보호구역사고,민식이법첫사망사고
전주어린이보호구역사고,전주교통사고사망
전주어린이보호구역사고,전주변호사
포천교통사고,포천교통사고사망
포천교통사고,경기도포천교통사고
포천교통사고,포천장갑차교통사고
포천교통사고,포천미군장갑차사고
포천교통사고,철원교통사고
포천교통사고,군용장갑차사고
포천교통사고,어제교통사망사고
포천교통사고,포천민식이법
포천교통사고,포천일동교통사고
포천교통사고,포천추돌사고
포천교통사고,민식이법위반
포천교통사고,구리교통사고
포천교통사고,구리포천고속도로교통사고
포천교통사고,포천시민식이법
포천교통사고,송우리교통사고
포천교통사고,민식이법1호
포천교통사고,민식이법전주
포천교통사고,전주어린이교통사고
포천교통사고,민식이교통사고경위
포천교통사고,부산민식이법
민식이교통사고경위,민식이사고원인
민식이교통사고경위,민식이교통사고거짓말
민식이교통사고경위,스쿨존민식이교통사고
민식이교통사고경위,민식이법사망자
민식이교통사고경위,포천교통사고
민식이교통사고경위,전주어린이교통사고
민식이교통사고경위,민식이법첫날사고
민식이교통사고경위,민식이부모변호사
민식이교통사고경위,민식이법위헌
민식이교통사고경위,민식이교통사고판결
부산교통사고사망,부산교통사고속보
부산교통사고사망,부산남구교통사고
부산교통사고사망,다대동
부산교통사고사망,부산사하구교통사고
부산교통사고사망,부산강서구교통사고
부산교통사고사망,교통사망사고
부산교통사고사망,교통사고사망사고처벌
부산교통사고사망,부산다대포사고
부산교통사고사망,부산어린이보호구역교통사고
부산교통사고사망,대전교통사고
부산교통사고사망,울산교통사고사망
부산교통사고사망,연산동사고
부산교통사고사망,부산영도교통사고
부산교통사고사망,고분터널
부산교통사고사망,기장교통사고
부산교통사고사망,새해교통사고사망사건
부산교통사고속보,부산오늘교통사고소식
부산교통사고속보,부산교통사고사망
부산교통사고속보,부산사하구교통사고
부산교통사고속보,부산교통상황
부산교통사고속보,부산음주운전사고
부산교통사고속보,부산교통방송
부산교통사고속보,부산연제구교통사고
부산교통사고속보,어제울산교통사고
부산교통사고속보,부산해운대교통사고
부산교통사고속보,부산남구교통사고
부산교통사고속보,고속도로교통정보앱
부산교통사고속보,부산신항교통사고
부산교통사고속보,부산교차로교통사고
부산오늘교통사고,부산어제교통사고
부산오늘교통사고,부산반산초등학교교통사고
부산오늘교통사고,부산6세교통사고
부산오늘교통사고,부산해운대사고
부산오늘교통사고,대구오늘교통사고
부산오늘교통사고,대구어제교통사고
부산오늘교통사고,오늘고속도로교통사고
부산오늘교통사고,춘천교통사고
부산오늘교통사고,오늘울산교통사고
부산오늘교통사고,연산교차로교통사고
부산오늘교통사고,부산19일교통사고
부산오늘교통사고,어제울산교통사고
부산오늘교통사고,어제터널교통사고
부산오늘교통사고,부산어제사건사고
부산사건사고,오늘부산사건사고
부산사건사고,부산사망사고
부산사건사고,부산어제사건사고
부산사건사고,부산교통사고
부산사건사고,부산사건사고뉴스
부산사건사고,부산일보
부산사건사고,부산다대포사건
부산사건사고,부산차량사고
부산사건사고,부산어제교통사고
부산사건사고,부산충돌사고
부산사건사고,해운대자동차사고
부산사건사고,부산북구사건사고
부산사건사고,부산대사고
부산사건사고,강서구사고
부산사건사고,부산대사망사고
부산사건사고,부산서면사고
부산사건사고,용인사건사고
부산사건사고,부산suv사고
부산사건사고,해운대충돌사고
부산사건사고,만취사건사고
부산해운대교통사고,부산이마트앞사고
부산해운대교통사고,중동이마트교통사고
부산해운대교통사고,해운대중동앞교통사고
부산해운대교통사고,부산중동역사고
부산해운대교통사고,해운대교통사고오토바이
부산해운대교통사고,해운대중동역교차로
부산해운대교통사고,해운대이마트7중추돌사고
부산해운대교통사고,부산7중교통사고
부산해운대교통사고,부산포르쉐영상
부산해운대교통사고,부산사고영상
부산해운대교통사고,해운대중동교차로
부산해운대교통사고,중동포르쉐사고
부산해운대교통사고,포르쉐사고영상
부산해운대교통사고,부산대마초교통사고
부산해운대교통사고,해운대포르쉐사고오토바이운전자
부산해운대교통사고,해운대사건사고
부산해운대교통사고,부산자동차사고
부산해운대교통사고,해운대구중동
부산해운대교통사고,해운대어린이교통사고
부산해운대교통사고,재송동차사고
부산오늘교통사고소식,부산오늘사건사고
부산오늘교통사고소식,오늘구미교통사고
부산오늘교통사고소식,오늘서울교통사고소식
부산오늘교통사고소식,오늘고속도로교통상황
부산오늘교통사고소식,부산교통방송
부산오늘교통사고소식,부산시교통상황
부산오늘교통사고소식,부산스쿨존사고
부산오늘교통사고소식,칠곡군교통사고
부산오늘교통사고소식,김해시교통사고
부산오늘교통사고소식,부산크레인사고
부산오늘교통사고소식,오늘의교통사고
부산오늘교통사고소식,제주오늘교통사고소식
부산오늘교통사고소식,오늘눈소식
부산오늘교통사고소식,곤지암교통사고
부산오늘교통사고소식,대구오늘교통사고
부산오늘교통사고소식,성남교통사고
부산오늘교통사고소식,오늘의화재사고
부산오늘교통사고소식,오늘광주교통사고
부산오늘교통사고소식,부산소고기
부산기장교통사고,부산기장군교통사고
부산기장교통사고,부산송정교통사고
부산기장교통사고,기장교리사고
부산기장교통사고,투싼사고
부산기장교통사고,부산기장추락사고
부산교통상황,부산교통사고
부산교통상황,부산교통상황cctv
부산교통상황,부산교통정보
부산교통상황,부산현재교통상황
부산교통상황,부산교통공사
부산교통상황,부산교통통제
부산교통상황,부산교통방송
부산교통상황,부산지역도로상황
부산교통상황,부산누적강수량
부산교통상황,부산도로통제구간
부산교통상황,서울강서구교통상황
부산교통상황,울산교통상황
부산교통상황,부산산사태위치
부산교통상황,부산교통정보센터
부산교통상황,부산현재침수지역
부산교통상황,부산날씨
부산교통상황,오늘의교통상황
부산교통상황,경부고속도로현재교통상황
부산교통상황,서울시교통상황cctv
부산교통상황,부산대교교통상황
부산어제교통사고,어제교통사고현황
부산어제교통사고,오늘부산교통사고
부산어제교통사고,부산차량사고
부산어제교통사고,부산사건사고
부산어제교통사고,해운대사건사고
부산어제교통사고,포르쉐퇴근길
부산어제교통사고,해운대자동차사고
부산어제교통사고,부산충돌사고
부산어제교통사고,경산교통사고
부산어제교통사고,어제인천교통사고
부산어제교통사고,해운대충돌사고
부산어제교통사고,어제고속도로교통사고뉴스
부산어제교통사고,어제경부고속도로교통사고
부산어제교통사고,부산어제강수량
부산어제교통사고,어제교통사망사고
부산어제교통사고,이천마라톤교통사고
부산어제교통사고,해운대어린이교통사고
부산어제교통사고,부산동구교통사고
부산어제교통사고,대구어제교통사고
부산어제교통사고,어제울산교통사고
김해교통사고,오늘김해교통사고
김해교통사고,장유교통사고
김해교통사고,부산교통사고
김해교통사고,서김해교통사고
김해교통사고,이언주
김해교통사고,김해사건사고
김해교통사고,김해교통사망사고
김해교통사고,창원교통사고
김해교통사고,김해시교통사고
김해교통사고,김해내동교통사고
김해교통사고,밀양교통사고
김해교통사고,경남교통사고
김해교통사고,부산대졸업
김해교통사고,진주교통사고
김해교통사고,음주운전교통사고
김해교통사고,삼계교통사고
김해교통사고,김해어방동교통사고
김해교통사고,진해교통사고
김해교통사고,김해교차로
김해교통사고,부산김해중간교통사고
부산사망사고,부산교통사망사고
부산사망사고,부산기장추락사고
부산사망사고,강변대로
부산사망사고,아반떼
부산사망사고,부산사하구강변대로
부산사망사고,부산사건사고
부산사망사고,부산베란다사망
부산사망사고,부산교통사고
부산사망사고,부산테이프사망
부산사망사고,부산창문
부산사망사고,부산지하차도사고
부산사망사고,엘시티창문
부산사망사고,부산침수사고
부산사망사고,가스질식사고
부산사망사고,부산초량물난리사고
부산사망사고,부산하수도사고
부산사망사고,부산지하도사망사고
부산사망사고,부산지하차도침수사망
부산사망사고,부산아파트사망사고
부산사망사고,부산재송동교통사고
양산교통사고,양산ic교통사고
양산교통사고,양산고속도로교통사고
양산교통사고,경남양산교통사고
양산교통사고,부산교통사고
양산교통사고,양산교통사고병원
양산교통사고,양산교동교통사고
양산교통사고,양산나들목교통사고
양산교통사고,양산교차로교통사고
양산교통사고,양산교통사고한의원
양산교통사고,경부고속도로사고
양산교통사고,양산suv교통사고
양산교통사고,내연관계폭로
양산교통사고,남양산교통사고
양산교통사고,양산서창교통사고
양산교통사고,양산교리교통사고
양산교통사고,교통사고볼보
양산교통사고,양산통증
양산교통사고,양산교통사고한방병원
양산교통사고,양산교통사고블랙박스
양산교통사고,양산척추병원
부산연제구교통사고,부산거제동교통사고
부산연제구교통사고,중앙선추돌교통사고
부산연제구교통사고,부산연제구차량사고
부산연제구교통사고,거제동6중추돌사고
부산연제구교통사고,부산중앙선침범
부산연제구교통사고,연제구충돌사고
부산연제구교통사고,부산뉴스
부산연제구교통사고,연제구연산터널
부산교통사고동영상,부산교통사고속보
부산교통사고동영상,해운대교통사고동영상
부산교통사고동영상,부산오늘교통사고
부산교통사고동영상,부산어제교통사고
부산교통사고동영상,부산교통사고사망
부산강서구교통사고,부산명호사거리
부산강서구교통사고,부산오늘교통사고소식
부산강서구교통사고,부산서5중
부산강서구교통사고,부산남구교통사고
부산강서구교통사고,부산교통사고사망
부산강서구교통사고,부산차량사고
부산강서구교통사고,부산트레일러사고
부산음주교통사고,부산음주운전사고
부산음주교통사고,부산교통사고속보
부산음주교통사고,부산오늘교통사고
부산음주교통사고,부산어제교통사고
부산음주교통사고,부산모녀교통사고
부산중앙선침범,부산교통사고
부산중앙선침범,부산연제구교통사고
부산중앙선침범,6중
부산중앙선침범,연제구충돌사고
부산중앙선침범,부산연제구차량사고
부산중앙선침범,중앙선추돌교통사고
부산중앙선침범,부산거제동
부산사상교통사고,부산사상구교통사고
부산사상교통사고,부산사하구교통사고
부산사상교통사고,부산사하구사건사고
부산사상교통사고,부산모라동교통사고
부산사상교통사고,부산남구교통사고
부산사하구교통사고,부산사상구교통사고
부산사하구교통사고,사하구다대동교통사고
부산사하구교통사고,부산교통사고사망
부산사하구교통사고,스텔스사고
부산사하구교통사고,오늘의교통사고
부산사하구교통사고,오늘교통사고소식
부산사하구교통사고,인천교통사고
부산스쿨존교통사고,해운대구스쿨존사고
부산스쿨존교통사고,부산어린이사고
부산스쿨존교통사고,부산재송동교통사고
부산스쿨존교통사고,6살교통사고
부산스쿨존교통사고,부산학교앞교통사고
부산스쿨존교통사고,부산어린이보호구역교통사고
부산스쿨존교통사고,부산차사고
부산스쿨존교통사고,재송동초등학교사고
부산스쿨존교통사고,부산초등학생교통사고
어린이교통사고특성,어린이교통사고행동특성
어린이교통사고특성,어린이교통사고통계자료
어린이교통사고특성,어린이교통행동특성
어린이교통사고특성,교통사고소송해야하는이유
어린이교통사고특성,교통사고발생시대처요령
어린이교통사고행동특성,어린이교통행동특성
어린이교통사고행동특성,어린이교통사고통계자료
어린이교통사고행동특성,교통사고발생시대처요령
어린이교통사고행동특성,교통사고가해자구분하기
어린이교통사고행동특성,어린이안전사고사례
중학생교통사고,광주중학생교통사고
중학생교통사고,중학생운전사고
중학생교통사고,용인중학생운전
중학생교통사고,아버지차량운전
중학생교통사고,대전10대교통사고
중학생교통사고,광주중학생무면허운전
중학생교통사고,k5중학생
중학생교통사고,용인시교통사고
중학생교통사고,예비중학생
중학생교통사고,용인상하동교통사고
중학생교통사고,광주광역시교통사고
중학생교통사고,06년생교통사고
어린이교통사고합의요령,유아교통사고합의금액
어린이교통사고합의요령,교통사고합의시기
어린이교통사고합의요령,교통사고가해자합의요령
어린이교통사고합의요령,교통사고합의기간
어린이교통사고합의요령,교통사고합의절차
교통사고소송해야하는이유,교통사고원인
교통사고소송해야하는이유,교통사고확인원이란
교통사고소송해야하는이유,최근교통사고
교통사고소송해야하는이유,교통사고현황
교통사고소송해야하는이유,교통사고처리
민식이법내용,민식이법사고내용
민식이법내용,민식이법운전자보험
민식이법내용,민식이법주요내용
민식이법내용,민식이법세부내용
민식이법내용,하준이법내용
민식이법내용,민식이엄마
민식이법내용,민식이법가해자
민식이법내용,민식이교통사고
민식이법내용,민식이법벌금
민식이법내용,어린이보호구역
민식이법내용,스쿨존
민식이법내용,민식이법이란
민식이법내용,민식이법문제점
민식이법내용,민식이법시행일
민식이법내용,민식이법블랙박스
민식이법내용,민식이교통사고블랙박스
민식이법내용,민식이법전문
민식이법내용,이정아판사
민식이법내용,12대중과실
민식이법내용,윤창호법내용
민식이부모,민식이부모거짓말
민식이부모,민식이엄마
민식이부모,민식이법5억
민식이부모,민식이부모7억
민식이부모,민식이아빠
민식이부모,민식이가해자
민식이부모,민식이부모소송
민식이부모,민식이법내용
민식이부모,민식이부모처벌
민식이부모,민식이부모고소
민식이부모,민식이법논란
민식이부모,민식이사건
민식이부모,민식이교통사고
민식이부모,택시민식이
민식이부모,민식이법택시
민식이부모,민식이법자전거
민식이부모,민식이법악용
민식이부모,민식이아버지
민식이부모,한문철민식이법
민식이부모,삼성화재민식이
민식이교통사고,민식이교통사고블랙박스
민식이교통사고,민식이교통사고가해자
민식이교통사고,민식이법
민식이교통사고,민식이교통사고경위
민식이교통사고,스쿨존민식이교통사고
민식이교통사고,민식이사건
민식이교통사고,민식이교통사고장소
민식이교통사고,민식이법내용
민식이교통사고,민식이합의
민식이교통사고,민식이부모
민식이교통사고,전주민식이법블랙박스
민식이교통사고,부산교통사고
민식이교통사고,민식이부부
민식이교통사고,한문철변호사
민식이교통사고,하준이법
민식이교통사고,민식이부모거짓말
민식이교통사고,민식이엄마거짓
민식이교통사고,반월동교통사고
민식이교통사고,전주반월동
민식이교통사고,민식이사고운전자
민식이엄마,민식이엄마비례대표
민식이엄마,민식이부모거짓말
민식이엄마,민식이법
민식이엄마,민식이교통사고
민식이엄마,민식이엄마미인
민식이엄마,민식이아빠
민식이엄마,민식이법내용
민식이엄마,민식이엄마정치
민식이엄마,이소현
민식이엄마,민식이가해자
민식이엄마,민식이사건
민식이엄마,민식이법엄마거짓말
민식이엄마,김민식엄마
민식이엄마,민식이엄마7억
민식이엄마,민식이엄마국회의원
민식이엄마,보배드림
민식이엄마,삼성화재민식이
민식이엄마,민식이법악법
민식이엄마,스쿨존이란
민식이엄마,민식이부모7억
하준이법,하준이법내용
하준이법,해인이법
하준이법,민식이법
하준이법,윤창호법
하준이법,고임목
하준이법,주차장법
하준이법,도로교통법
하준이법,하준이엄마
민식이법시행일,민식이법내용
민식이법시행일,민식이법가해자
민식이법시행일,민식이법공포
민식이법시행일,민식이법운전자보험
민식이법시행일,민식이법시행일사고
민식이법시행일,민식이법국민청원
민식이법시행일,민식이법법안
민식이법시행일,민식이법시행시기
민식이법시행일,민식이법적용
민식이법시행일,민식이법문제점
민식이법시행일,민식이법주정차
민식이법시행일,하준이법
민식이법시행일,민식이법반대의원
민식이법시행일,민식이법무기징역
민식이법가해자,민식이법가해자처벌
민식이법가해자,민식이법가해자가족
민식이법가해자,민식이법가해자형량
민식이법가해자,민식이법내용
민식이법가해자,민식이법교통사고
민식이법가해자,민식이부모5억
민식이법가해자,민식이법사고내용
민식이법가해자,민식이법판결
민식이법가해자,민식이법시행일
민식이법가해자,민식이엄마
민식이법가해자,운전자보험민식이법
민식이법가해자,민식이법가해자과실
민식이법가해자,민식이법금고5년
민식이법가해자,민식이법아빠
민식이법가해자,민식이법7억
민식이법가해자,민식이합의금
민식이법가해자,스쿨존사고벌금
민식이법가해자,천안민식이법
민식이법가해자,민식이법악법
민식이법가해자,김민식부모
민식이법통과,스쿨존교통사고
민식이법통과,민식이법국민청원
민식이법통과,하준이법통과
민식이법통과,민식이법사례
민식이법통과,민식이법동영상
민식이법통과,민식이아버지
민식이법통과,민식이법국회의원
민식이법통과,민식이법실형
민식이법통과,이혜훈의원
민식이법통과,민식이법무기징역
민식이법통과,민식이법여론
민식이법통과,민식이법개정청원
민식이법통과,민식이법폐지청원
민식이법통과,스쿨존이란
민식이법통과,나경원민식이법법안
민식이법통과,민식이법내용
민식이법통과,민식이법시행
민식이법통과,민식이법선거법
민식이법국민청원,민식이법반대국민청원
민식이법국민청원,민식이법개정국민청원
민식이법국민청원,청와대국민청원민식이법
민식이법국민청원,청와대국민청원홈페이지민식이법
민식이법국민청원,민식이법형량음주운전
민식이법국민청원,민식이법가해자
민식이법국민청원,민식이법고소
민식이법국민청원,민식이법내용
민식이법국민청원,민식이법폐지청원
민식이법국민청원,민식이법여론
민식이법국민청원,악법민식이법
민식이법국민청원,민식이법통과
민식이법국민청원,국민청원게시판
민식이법국민청원,민식이법법안내용
민식이법국민청원,민식이법문제점
민식이법놀이,민식이법악용
민식이법놀이,민식이법장난
민식이법놀이,민식법놀이
민식이법놀이,민식이법초등학생
민식이법놀이,민식이법블랙박스
민식이법놀이,스쿨존놀이
민식이법놀이,민식이법개정
민식이법놀이,학교앞에서차만지면
민식이법놀이,네이버지식인
민식이법놀이,한문철자전거아이민식이법
민식이법놀이,민식이법내용
민식이법놀이,민식이법악용처벌
민식이법놀이,스쿨존장난
민식이법놀이,민식이놀이대응방법
민식이법놀이,스쿨존이란
민식이법놀이,민식이법100만원
민식이법놀이,민식이법부모
민식이법놀이,민식이법놀이영상
민식이법문제점,민식이법내용
민식이법문제점,민식이법용돈벌이
민식이법문제점,김태양의원
민식이법문제점,민식이사고
민식이법문제점,민식이법국민청원
민식이법문제점,민식이법가해자
민식이법문제점,민식이법악용
민식이법문제점,민식이아버지
민식이법문제점,의정부스쿨존
민식이법문제점,민식이법자전거
민식이법문제점,민식이법70만원
민식이법문제점,경주민식이법
민식이법문제점,민식이법사고영상
민식이법문제점,민식이법카라큘라
민식이법문제점,민식이법국회의원
민식이법문제점,민식이법동영상
민식이법문제점,민식이부모민사소송
민식이법문제점,민식이법위헌
민식이법문제점,한문철변호사민식이법
민식이법문제점,민식이법악법
민식이법개정,민식이법시행일
민식이법개정,민식이법개정국민청원
민식이법개정,민식이법놀이
민식이법개정,민식이법운전자보험
민식이법개정,한문철자전거아이민식이법
민식이법개정,민식이법도로교통법개정안
민식이법개정,청와대국민청원홈페이지민식이법
민식이법개정,민식이법100만원
민식이법개정,민식이법70만원
민식이법개정,민식이법장난
민식이법개정,김두관민식이법
민식이법개정,택시기사민식이법
민식이법개정,민식이법용돈벌이
민식이법개정,민식이법악법
민식이법개정,강효상
민식이법개정,민식이법고소
민식이법개정,민식이법민주당
민식이법개정,민식이법청와대답변
민식이법개정,민식이의원
민식이법개정,민식이법여론
민식이법운전자보험,민식이법운전자보험추가
민식이법운전자보험,민식이법자동차보험
민식이법운전자보험,민식이법운전자보험추천
민식이법운전자보험,민식이법내용
민식이법운전자보험,민식이법대비운전자보험
민식이법운전자보험,운전자보험이란
민식이법운전자보험,동부화재운전자보험
민식이법운전자보험,운전자보험벌금
민식이법운전자보험,운전자보험실비보험
민식이법운전자보험,자동차보험운전자연령
민식이법운전자보험,운전자보험만기환급
민식이법운전자보험,운전자보험가입나이
민식이법운전자보험,현대해상
민식이법운전자보험,운전자보험가격비교
민식이법운전자보험,민식이법개정
민식이법운전자보험,참좋은운전자보험
민식이법운전자보험,자동차운전자보험추천
민식이법운전자보험,운전자보험보험기간
민식이법운전자보험,운전자보험인기순위
민식이법운전자보험,운전자보험순수보장형
민식이법이란,민식이법내용
민식이법이란,민식이법법안내용
민식이법이란,민식이교통사고
민식이법이란,민식이법악법
민식이법이란,민식이법문제점
민식이법이란,민식이가해자
민식이법이란,자전거민식이법
민식이법이란,민식이법벌금
민식이법이란,민식이영상
민식이법악법,민식이법청와대청원
민식이법악법,민식이법논란
민식이법악법,민식이법악용
민식이법악법,민식이법불법유턴
민식이법악법,민식이법개정국민청원
민식이법악법,국민청원게시판
민식이법악법,민식이법헌법소원
민식이법악법,민식이법이란
민식이법악법,민식이법블랙박스
민식이법악법,민식이법자전거사고
민식이법악법,민식이법내용
민식이법악법,민식이법과실
민식이법악법,학교앞속도위반벌금
민식이법악법,악법도법이다
민식이법악법,민식이교통사고가해자
민식이법악법,민식이법보수유튜버
민식이법악법,민식이법악법가짜뉴스
민식이법악법,민식이법주요내용
스쿨존,스쿨존사고
스쿨존,스쿨존이란
스쿨존,스쿨존속도
스쿨존,민식이법
스쿨존,어린이보호구역
스쿨존,스쿨존범위
스쿨존,스쿨존방과후
스쿨존,스쿨존지도
스쿨존,스쿨존민식이교통사고
스쿨존,스쿨존표시
스쿨존,경주스쿨존사고
스쿨존,중학교스쿨존
스쿨존,스쿨존주정차
스쿨존,스쿨존표지판
스쿨존,schoolzone.or.kr
스쿨존,스쿨존단속시간
스쿨존,스쿨존보험
스쿨존,스쿨존지정
스쿨존,스쿨존설치
스쿨존,스쿨존확인
민식이법블랙박스,민식이사고영상
민식이법블랙박스,민식법놀이
민식이법블랙박스,민식이법자전거
민식이법블랙박스,스쿨존사고
민식이법블랙박스,민식이법운전자보험
민식이법블랙박스,보배드림어린이자전거교통사고
민식이법블랙박스,민식이법폐지
민식이법블랙박스,박초희
민식이법블랙박스,스쿨존사고벌금
민식이법블랙박스,민식군부모
민식이법블랙박스,민식이법선고
민식이법블랙박스,민식이부모거짓말
민식이법블랙박스,구의동민식이법
민식이법블랙박스,경주스쿨존민식이법
민식이법블랙박스,전주민식이법사고
민식이법블랙박스,민식이법처벌기준
민식이법블랙박스,민식이법부모거짓말
민식이법블랙박스,민식이법영장기각
민식이법블랙박스,민식이법악법
민식이법블랙박스,민식이법식당
민식이법반대,민식이법반대청원
민식이법반대,민식이법반대국회의원
민식이법반대,민식이법국민청원
민식이법반대,민식이법폐지청원
민식이법반대,민식이법발의의원
민식이법반대,대전둔산초
민식이법반대,음주운전벌금
민식이법반대,강효상
민식이법발의,민식이법발의의원
민식이법발의,민식이법발의자
민식이법발의,민식이법발의국회의원
민식이법발의,민식이법내용
민식이법발의,민식이법가해자
해인이법,해인이법통과
해인이법,해인이법청원
해인이법,해인이사고
해인이법,한음이법
해인이법,민식이법
해인이법,하준이법
해인이법,법사위
해인이법,국민청원
해인이법,해인이엄마
해인이법,청와대국민청원홈페이지
서평택교통사고,평택교통사고사망
서평택교통사고,안성교통사고
서평택교통사고,평택시흥고속도로교통사고
서평택교통사고,평택추락사고
서평택교통사고,서평택고속도로교통상황
평택교통사고사망,오늘평택교통사망사고
평택교통사고사망,고속도로교통사고
평택교통사고사망,화성시교통사고
평택교통사고사망,평택사망사고
평택교통사고사망,서평택교통사고
안성교통사고,안성공도교통사고
안성교통사고,죽산교통사고
안성교통사고,안성고속도로교통사고
안성교통사고,평택교통사고
안성교통사고,안성ic사고
안성교통사고,경부고속도로교통사고
안성교통사고,중부고속도로교통사고
안성교통사고,안성스타필드완공
안성교통사고,안성교차로
안성교통사고,시사안성
안성교통사고,안성경부고속도로교통사고
안성교통사고,김학용부인
안성교통사고,무단횡단교통사고
안성교통사고,도로교통공사
안성교통사고,안성시후보부인
안성교통사고,안산교통사고
안성교통사고,안성뺑소니사망
안성교통사고,안성음주운전뺑소니
평택시흥고속도로교통사고,시흥경찰서뺑소니
평택시흥고속도로교통사고,음주뺑소니국민청원
평택시흥고속도로교통사고,파주음주운전교통사고
평택시흥고속도로교통사고,평택음주운전뺑소니
평택시흥고속도로교통사고,동시흥사고
평택시흥고속도로교통사고,음주사고청원
평택시흥고속도로교통사고,고속도로사고청와대청원
평택시흥고속도로교통사고,도로교통공사
아산교통사고,천안교통사고
아산교통사고,충남아산교통사고
아산교통사고,아산음봉교통사고
아산교통사고,아산시교통사고
아산교통사고,아산교통사고사망
아산교통사고,아산배방교통사고
아산교통사고,온양교통사고
아산교통사고,유구교통사고
아산교통사고,교통사고병원
아산교통사고,아산교통사고속보
아산교통사고,평택교통사고
아산교통사고,아산교통정보시스템
아산교통사고,아산어린이교통사고
아산교통사고,세종시날씨
아산교통사고,탕정교통사고
아산교통사고,금산날씨
아산교통사고,내일대전날씨
아산교통사고,아산사망사고
아산교통사고,보령날씨
아산교통사고,아산오토바이사고
오늘전남교통사고,오늘의교통사고
오늘전남교통사고,오늘사건사고
오늘전남교통사고,전남나주교통사고
오늘전남교통사고,오늘수원교통사고
오늘전남교통사고,전남홍도오늘날씨
오늘전남교통사고,영암교통사고
오늘전남교통사고,단양교통사고
오늘전남교통사고,오늘여수교통사고
오늘전남교통사고,곡성교통사고
오늘전남교통사고,구례교통사고
해남교통사고,해남산이면교통사고
해남교통사고,해남마산면교통사고
해남교통사고,해남사망사고
해남교통사고,해남삼거리교통사고
해남교통사고,이혼소송아내
해남교통사고,해남사건사고
해남교통사고,영암교통사고
해남교통사고,이혼소송정면충돌
해남교통사고,해남옥천교통사고
해남교통사고,해남차사고
해남교통사고,이혼소송아내차량정면충돌
해남교통사고,전남교통사고
해남교통사고,경차
해남교통사고,해남읍사무소
해남교통사고,울진교통사고
해남교통사고,사동고등학교
해남교통사고,해남중앙교회
해남교통사고,해남유명사찰
해남교통사고,26일교통사고
광주교통사고,광주교통사고사망
광주교통사고,광주북구교통사고
광주교통사고,광주광역시교통사고
광주교통사고,오늘광주교통사고
광주교통사고,광주교통사고속보
광주교통사고,광주운암동교통사고
광주교통사고,광주서구교통사고
광주교통사고,광주광산구교통사고
광주교통사고,광주쌍촌동교통사고
광주교통사고,광주남구교통사고
광주교통사고,전남교통사고
광주교통사고,광주사건사고
광주교통사고,광주순환도로교통사고
광주교통사고,경기도광주교통사고
광주교통사고,광주어린이보호구역사고
광주교통사고,경기광주교통사고
광주교통사고,광주사망사고
광주교통사고,광주음주교통사고
광주교통사고,광주스쿨존
광주교통사고,광주교통사고두동강
나주교통사고,나주혁신도시교통사고
나주교통사고,전남교통사고
나주교통사고,광주교통사고
나주교통사고,여수교통사고
나주교통사고,영월교통사고
나주교통사고,여수경도교통사고
나주교통사고,나주뺑소니사고
나주교통사고,자동차전용도로나주
나주교통사고,여수사망사고
나주교통사고,여수7세사고
나주교통사고,오늘전남교통사고
나주교통사고,영광군교통사고
나주교통사고,목포교통사고
나주교통사고,뺑소니처벌
나주교통사고,사천시교통사고
나주교통사고,곡성교통사고
나주교통사고,광양교통사고
나주교통사고,영암교통사고
나주교통사고,나주남평교통사고
나주교통사고,경운기교통사고
어린이교통사고,어린이교통사고통계
어린이교통사고,어린이교통사고사례
어린이교통사고,스쿨존교통사고
어린이교통사고,어린이교통사고병원
어린이교통사고,경주어린이교통사고
어린이교통사고,어린이교통사고통계자료
어린이교통사고,어린이교통사고예방
어린이교통사고,어린이교통사고특성
어린이교통사고,어린이교통사고분석시스템
어린이교통사고,전주어린이교통사고
어린이교통사고,부산교통사고
어린이교통사고,어린이교통사고유형
어린이교통사고,민식이법
어린이교통사고,평택어린이교통사고
어린이교통사고,전남교통사고
어린이교통사고,어린이교통사고현황
어린이교통사고,동해시민식이
어린이교통사고,동해시스쿨존사고
어린이교통사고,강원도스쿨존사고
어린이교통사고,서산어린이교통사고
목포교통사고,목포교통사고사망
목포교통사고,목포옥암동교통사고
목포교통사고,영암교통사고
목포교통사고,목포오토바이사고
목포교통사고,목포사건사고
목포교통사고,무안교통사고
목포교통사고,목포사망사고
목포교통사고,안개사고
목포교통사고,오늘의서해대교교통사고
목포교통사고,광주무면허사고
목포교통사고,여수교통사고사망사고
목포교통사고,목포시교통사고
목포교통사고,10대렌트카사고
목포교통사고,10대무면허
목포교통사고,서해안교통사고
목포교통사고,오늘고속도로교통사고
목포교통사고,서해대교추돌사고
목포교통사고,광주광산구교통사고
목포교통사고,순천교통사고사망
목포교통사고,목포음주운전사고
순천교통사고,오늘순천교통사고
순천교통사고,순천교통사고사망
순천교통사고,광양교통사고
순천교통사고,율촌8중추돌
순천교통사고,여수교통사고
순천교통사고,조례동교통사고
순천교통사고,순천오토바이사고
순천교통사고,여수대포터널사고
순천교통사고,순천차량사고
순천교통사고,순천도로교통공단
순천교통사고,순천다중교통사고
순천교통사고,추돌사고
순천교통사고,천안교통사고
순천교통사고,광주사건사고
순천교통사고,순천사망사고
순천교통사고,율촌대포터널
순천교통사고,창원교통사고사망
순천교통사고,수원교통사고
순천교통사고,순천경찰서교통과
순천교통사고,순천화재사고
무면허교통사고,목포고등학생상동교통사고
무면허교통사고,상동무면허교통사고
무면허교통사고,고교생음주무면허사고
무면허교통사고,목포고등학생렌트카
무면허교통사고,목포시교통사고
무면허교통사고,목포시상동교통사고
무면허교통사고,목포무면허운전사고
무면허교통사고,양을산터널
무면허교통사고,렌터카교통사고
무면허교통사고,전남교통사고
무면허교통사고,시흥교통사고
무면허교통사고,대학생교통사고
무면허교통사고,무면허10대교통사고
무면허교통사고,인천영종도교통사고
무면허교통사고,대전무면허
무면허교통사고,인천을왕리교통사고
무면허교통사고,중학생교통사고
무면허교통사고,영종도렌트카사고
무면허교통사고,06년생교통사고
무면허교통사고,광주서구교통사고
전남장흥교통사고,용산면교통사고
전남장흥교통사고,장흥빗길사고
전남장흥교통사고,장흥배구동호회
전남장흥교통사고,전남화순교통사고
전남장흥교통사고,오늘전남교통사고
오늘광주교통사고,광주차량사고
오늘광주교통사고,오늘의광주운암동교통사고
오늘광주교통사고,오늘광주날씨
오늘광주교통사고,대전어제교통사고
오늘광주교통사고,광주광역시사건사고
오늘광주교통사고,9월27일교통사고
오늘광주교통사고,강릉교통사고
오늘광주교통사고,강릉교동교통사고
오늘광주교통사고,오늘춘천교통사고
오늘광주교통사고,오늘서울교통사고소식
오늘광주교통사고,오늘의화재사고
오늘광주교통사고,오늘대구교통사고
오늘광주교통사고,오늘교통사고소식
오늘광주교통사고,광주차량두동강
오늘광주교통사고,광주서승용차
오늘광주교통사고,승용차2동강
오늘광주교통사고,광주렌트카사고
오늘광주교통사고,광주그랜저사고
오늘광주교통사고,20대교통사고
오늘광주교통사고,광주연제사고
전남강진교통사고,함평교통사고
전남강진교통사고,강진사건사고
전남강진교통사고,오늘전남교통사고
전남강진교통사고,해남교통사고
전남강진교통사고,강진택시
용산면교통사고,장흥군교통사고
용산면교통사고,장흥빗길사고
함평교통사고,함양교통사고
함평교통사고,전남함평교통사고
함평교통사고,영광교통사고
함평교통사고,함평오토바이
함평교통사고,광주교통사고
함평교통사고,함평교통500번
진도교통사고,진도음주교통사고
진도교통사고,전남교통사고
진도교통사고,신안교통사고
진도교통사고,해남교통사고
진도교통사고,오늘전남교통사고
곡성교통사고,곡성고속도로교통사고
곡성교통사고,옥과교통사고
곡성교통사고,곡성교통사고사망
곡성교통사고,곡성군교통사고
곡성교통사고,전남곡성교통사고
곡성교통사고,성남교통사고
곡성교통사고,영암교통사고
곡성교통사고,오늘전남교통사고
곡성교통사고,남원교통사고
곡성교통사고,목포교통사고
곡성교통사고,나주교통사고
곡성교통사고,구례교통사고
곡성교통사고,광주교통사고
곡성교통사고,대학생교통사고
여수교통사고,오늘여수교통사고
여수교통사고,여수교통사고사망사고
여수교통사고,여수사건사고
여수교통사고,순천교통사고
여수교통사고,여수교통사고동영상
여수교통사고,여수웅천교통사고
여수교통사고,오늘순천교통사고
여수교통사고,여수시교통사고
여수교통사고,신기동약국사고
여수교통사고,여수터널
여수교통사고,여수약국차량돌진
여수교통사고,여수교통정보센터
여수교통사고,여수뉴스
여수교통사고,70대운전자약국돌진
여수교통사고,여수약국돌진
여수교통사고,광양교통사고
여수교통사고,여수음주교통사고
여수교통사고,여천교통사고
여수교통사고,여수경도교통사고
여수교통사고,전남교통사고
어린이보호구역교통사고,광주운암동교통사고
어린이보호구역교통사고,운암동교통사고아파트
어린이보호구역교통사고,광주북구교통사고
어린이보호구역교통사고,광주5월어린이보호구역7살
어린이보호구역교통사고,운암동아파트앞교통사고
어린이보호구역교통사고,광주북구횡단보도
어린이보호구역교통사고,북구운암동교통사고
어린이보호구역교통사고,운암동단지사고어린이
어린이보호구역교통사고,어린이보호구역사망사고
어린이보호구역교통사고,횡단보도교통사고벌금
어린이보호구역교통사고,평택교통사고
어린이보호구역교통사고,어린이보호구역속도위반시간
어린이보호구역교통사고,어린이보호구역거리
교통사고확인원이란,교통사고확인원필요한경우
교통사고확인원이란,교통사고사실확인원
교통사고확인원이란,최근교통사고
교통사고확인원이란,교통사고소송해야하는이유
교통사고확인원이란,교통사고현황
최근교통사고,어제고속도로교통사고
최근교통사고,광주교통사고사망
최근교통사고,교통사고뉴스
최근교통사고,청주교통사고사망
최근교통사고,교통사망사고
최근교통사고,오늘고속도로교통사고
최근교통사고,교통사고동영상
최근교통사고,시흥교통사고
최근교통사고,교통사고가슴통증
최근교통사고,교통사고꿈
교통사고소송해야하는이유,교통사고원인
교통사고소송해야하는이유,교통사고확인원이란
교통사고소송해야하는이유,최근교통사고
교통사고소송해야하는이유,교통사고현황
교통사고소송해야하는이유,교통사고처리
교통사고발생현황,전주교통사고
교통사고발생현황,교통사고대인보상
교통사고발생현황,최근교통사고
교통사고발생현황,교통사고원인
교통사고발생현황,실시간교통사고현황
동해시민식이법,동해시스쿨존
동해시민식이법,동해스쿨존사고
동해시민식이법,삼척시교통사고
어린이교통사고,어린이교통사고통계
어린이교통사고,어린이교통사고사례
어린이교통사고,스쿨존교통사고
어린이교통사고,어린이교통사고병원
어린이교통사고,경주어린이교통사고
어린이교통사고,어린이교통사고통계자료
어린이교통사고,어린이교통사고예방
어린이교통사고,어린이교통사고특성
어린이교통사고,어린이교통사고분석시스템
어린이교통사고,전주어린이교통사고
어린이교통사고,부산교통사고
어린이교통사고,어린이교통사고유형
어린이교통사고,민식이법
어린이교통사고,평택어린이교통사고
어린이교통사고,전남교통사고
어린이교통사고,어린이교통사고현황
어린이교통사고,동해시민식이
어린이교통사고,동해시스쿨존사고
어린이교통사고,강원도스쿨존사고
어린이교통사고,서산어린이교통사고
동해시스쿨존,동해시스쿨존사고
동해시스쿨존,동해시민식이법
동해시스쿨존,강원도스쿨존사고
동해시스쿨존,어린이교통사고
동해시스쿨존,동해시중학교
강원도스쿨존사고,동해시스쿨존사고
강원도스쿨존사고,어린이교통사고
강원도스쿨존사고,동해시민식이
강원도스쿨존사고,강원도사건사고
동해시스쿨존사고,강원도스쿨존사고
동해시스쿨존사고,어린이교통사고
동해시스쿨존사고,동해시민식이
강원도스쿨존사고,동해시스쿨존사고
강원도스쿨존사고,어린이교통사고
강원도스쿨존사고,동해시민식이
강원도스쿨존사고,강원도사건사고
어린이교통사고,어린이교통사고통계
어린이교통사고,어린이교통사고사례
어린이교통사고,스쿨존교통사고
어린이교통사고,어린이교통사고병원
어린이교통사고,경주어린이교통사고
어린이교통사고,어린이교통사고통계자료
어린이교통사고,어린이교통사고예방
어린이교통사고,어린이교통사고특성
어린이교통사고,어린이교통사고분석시스템
어린이교통사고,전주어린이교통사고
어린이교통사고,부산교통사고
어린이교통사고,어린이교통사고유형
어린이교통사고,민식이법
어린이교통사고,평택어린이교통사고
어린이교통사고,전남교통사고
어린이교통사고,어린이교통사고현황
어린이교통사고,동해시민식이
어린이교통사고,동해시스쿨존사고
어린이교통사고,강원도스쿨존사고
어린이교통사고,서산어린이교통사고
동해시민식이,동해시민식이법
동해시민식이,어린이교통사고
동해시민식이,동해시스쿨존
동해시민식이,강원도스쿨존사고
동해시민식이,동해시스쿨존사고
동해시스쿨존사고,강원도스쿨존사고
동해시스쿨존사고,어린이교통사고
동해시스쿨존사고,동해시민식이
어린이교통사고,어린이교통사고통계
어린이교통사고,어린이교통사고사례
어린이교통사고,스쿨존교통사고
어린이교통사고,어린이교통사고병원
어린이교통사고,경주어린이교통사고
어린이교통사고,어린이교통사고통계자료
어린이교통사고,어린이교통사고예방
어린이교통사고,어린이교통사고특성
어린이교통사고,어린이교통사고분석시스템
어린이교통사고,전주어린이교통사고
어린이교통사고,부산교통사고
어린이교통사고,어린이교통사고유형
어린이교통사고,민식이법
어린이교통사고,평택어린이교통사고
어린이교통사고,전남교통사고
어린이교통사고,어린이교통사고현황
어린이교통사고,동해시민식이
어린이교통사고,동해시스쿨존사고
어린이교통사고,강원도스쿨존사고
어린이교통사고,서산어린이교통사고
동해시민식이,동해시민식이법
동해시민식이,어린이교통사고
동해시민식이,동해시스쿨존
동해시민식이,강원도스쿨존사고
동해시민식이,동해시스쿨존사고
강원도사건사고,강원도고속도로사고
강원도사건사고,강원도사망사고
강원도사건사고,강원도영월어제사고사건뉴스
강원도사건사고,강원도지사
강원도사건사고,강원도삼척교통사고
강원도사건사고,원주사건사고
강원도사건사고,원주일가족사망
강원도사건사고,평창사건사고
서산교통사고사망,서산어린이교통사고
서산교통사고사망,어린이사망사고
서산교통사고사망,서산횡단보도사고
서산교통사고사망,8세교통사고
서산교통사고사망,서산초등학생사망
서산교통사고사망,오늘서산교통사고
서산어린이사고,충남서산교통사고
서산어린이사고,서산음주
서산어린이사고,등굣길
서산어린이사고,서산음주운전사고
서산어린이사고,부춘초등학교
서산어린이사고,서산횡단보도사고
서산어린이사고,서산부춘초교통사고
서산어린이사고,서산사건사고
서산부춘초등학교교통사고,서산어린이교통사고
서산부춘초등학교교통사고,서산경찰서
서산부춘초등학교교통사고,서산횡단보도사고
서산부춘초등학교교통사고,오늘서산교통사고
서산부춘초등학교교통사고,서산초등학생사망
서산부춘초등학교교통사고,횡단보도사망사고
서산부춘초등학교교통사고,서산초등생교통사고
등굣길,등굣길등교길
등굣길,익숙치
등굣길,하굣길
등굣길,등하굣길
등굣길,서산음주
등굣길,서산교통사고
등굣길,서산음주사고
등굣길,서산어린이사고
등굣길,숙취
등굣길,등굣길초등생
등굣길,서산경찰서
등굣길,초등학생
등굣길,suv
등굣길,윤창호법적용
등굣길,초등학생사망
등굣길,서산횡단보도사고
등굣길,숙취운전
등굣길,obs등굣길
서산음주운전사고,충남서산교통사고
서산음주운전사고,서산음주사고
서산음주운전사고,서산어린이사고
서산음주운전사고,서산교통사고
서산음주운전사고,서산교통사고사망
충남서산교통사고,서산어린이사고
충남서산교통사고,서산음주
충남서산교통사고,서산음주사고
충남서산교통사고,8세교통사고
충남서산교통사고,서산초등학생교통사고
충남서산교통사고,서산부춘초등학교교통사고
충남서산교통사고,서산횡단보도사고
충남서산교통사고,횡단보도사망사고
충남서산교통사고,서산시교통사고
서산횡단보도사고,8세교통사고
서산횡단보도사고,서산부춘초등학교교통사고
서산횡단보도사고,서산초등생교통사고
서산횡단보도사고,서산사망사고
서산횡단보도사고,서산초등학생사망
서산횡단보도사고,충남서산교통사고
서산횡단보도사고,서산경찰서
서산횡단보도사고,어린이사망사고
서산횡단보도사고,등굣길
서산횡단보도사고,서산어린이사고
8세교통사고,서산횡단보도사고
8세교통사고,서산시교통사고
8세교통사고,서산교통사고사망
8세교통사고,횡단보도사망사고
8세교통사고,서산초등학생교통사고
8세교통사고,서산사건사고
8세교통사고,서산부춘초교통사고
어린이사망사고,비의도적어린이사망사고
어린이사망사고,서산음주운전
어린이사망사고,서산교통사고사망
어린이사망사고,서산횡단보도사고
어린이사망사고,서산초등학생사망
오늘서산교통사고,서산교통사고사망
오늘서산교통사고,서산초등생교통사고
오늘서산교통사고,서산부춘초등학교교통사고
오늘서산교통사고,서산교통사고동영상
오늘서산교통사고,오늘당진교통사고
서산초등학생사망,초등학생사고
서산초등학생사망,서산부춘초교통사고
서산초등학생사망,서산경찰서
서산초등학생사망,서산횡단보도사고
서산초등학생사망,서산사건사고
서산초등학생사망,8세교통사고
서산초등학생사망,서산어린이교통사고
서산초등학생사망,어린이사망사고
서산경찰서사거리교통사고,서산어린이교통사고
서산경찰서사거리교통사고,경찰청교통사고조회
서산경찰서사거리교통사고,경찰서교통사고접수
서산경찰서사거리교통사고,교통사고경찰서신고
서산경찰서사거리교통사고,당진교통사고
서산초등생교통사고,오늘서산교통사고
서산초등생교통사고,서산횡단보도사고
서산초등생교통사고,서산사망사고
서산초등생교통사고,서산경찰서
서산초등생교통사고,서산부춘초등학교교통사고
서산초등생교통사고,서산뉴스
